path,sha256
labels.py,7de358463225400a966dfd062356fe2afce414ea4b025f5f4a3b7a3552a5cf43
sharon/labels.py,7de358463225400a966dfd062356fe2afce414ea4b025f5f4a3b7a3552a5cf43
dataset_preprocessing.py,55faa4c3d28932d81ff5e92c2674d8d4d5bc51c17481c09f604f4471c23978e2
sharon/dataset_preprocessing.py,55faa4c3d28932d81ff5e92c2674d8d4d5bc51c17481c09f604f4471c23978e2
tools/reconstruct/target_extractor.py,93191b147d8db329c1f5aae2d801a36cc82661d0a388e36b42aec728e41efeb8
reports/phase1r/target_provenance_v2.csv,5948edc043e51677e7e3fa605038f6598332c8db3ad9d80eb94ce4ff76291cc8
reports/phase1r/target_support_matrix.csv,189776b12ae6f6c5c8cab632950567a1a5e5b1403ebd193b3d544debf4fe22f4
sharon/dataset_v3/target_ontology_v3.csv,a0cc18265b442f85d4acd7e8408e00ac4c6fe1e407d89c048f0d8c50ed096101
data_external/dap_atlas/raw/label_name.csv,68bcd09dbce6d966d09a8c6df177bf9b88e14ca25a9a99a2064025fdf15cf787
reports/phase11/mappings/AMOS_target_mapping.csv,15bb5c66500ab4bb4a2544f8d103869dd59972429780cfe0b0f8cae49d856362
