path,inspection,female_strings
dataset/pointclouds_450.pt,STATIC_PICKLE_STRINGS_ONLY,"[""ovary_left"", ""ovary_right"", ""uterus"", ""vagina""]"
experiments/phase10/C2_PointNet2_Regressor_cached.pt,STATIC_PICKLE_STRINGS_ONLY,[]
experiments/phase10/C3_DGCNN_Decoder_cached.pt,STATIC_PICKLE_STRINGS_ONLY,[]
experiments/phase10/D2_SingleScale_SA3_cached.pt,STATIC_PICKLE_STRINGS_ONLY,[]
experiments/phase10/D3_NoAtlasPrior_cached.pt,STATIC_PICKLE_STRINGS_ONLY,[]
experiments/phase10/D4_GlobalTokenOnly_cached.pt,STATIC_PICKLE_STRINGS_ONLY,[]
experiments/phase10/D5_SelfAttnOnly_cached.pt,STATIC_PICKLE_STRINGS_ONLY,[]
experiments/phase10/D6_SelfAndCrossAttn_cached.pt,STATIC_PICKLE_STRINGS_ONLY,[]
experiments/phase10/D7_Layer2_cached.pt,STATIC_PICKLE_STRINGS_ONLY,[]
experiments/phase10/D7_Layer6_cached.pt,STATIC_PICKLE_STRINGS_ONLY,[]
experiments/phase10/E1_Points_1024_cached.pt,STATIC_PICKLE_STRINGS_ONLY,[]
experiments/phase10/E1_Points_2048_cached.pt,STATIC_PICKLE_STRINGS_ONLY,[]
experiments/phase10/E1_Points_8192_cached.pt,STATIC_PICKLE_STRINGS_ONLY,[]
experiments/phase10/E2_XYZ_Plus_Normals_cached.pt,STATIC_PICKLE_STRINGS_ONLY,[]
experiments/phase10/milestone2_domain_matrix_cached.pt,STATIC_PICKLE_STRINGS_ONLY,[]
experiments/phase10R/checkpoints/C0_Population_Atlas.pt,STATIC_PICKLE_STRINGS_ONLY,[]
experiments/phase10R/checkpoints/C1_Linear_Ridge.pt,STATIC_PICKLE_STRINGS_ONLY,[]
experiments/phase10R/checkpoints/C2_PointNet2_seed42.pt,STATIC_PICKLE_STRINGS_ONLY,[]
experiments/phase10R/checkpoints/C2_PointNet2_seed43.pt,STATIC_PICKLE_STRINGS_ONLY,[]
experiments/phase10R/checkpoints/C2_PointNet2_seed44.pt,STATIC_PICKLE_STRINGS_ONLY,[]
experiments/phase10R/checkpoints/C3_DGCNN_seed42.pt,STATIC_PICKLE_STRINGS_ONLY,[]
experiments/phase10R/checkpoints/C3_DGCNN_seed43.pt,STATIC_PICKLE_STRINGS_ONLY,[]
experiments/phase10R/checkpoints/C3_DGCNN_seed44.pt,STATIC_PICKLE_STRINGS_ONLY,[]
experiments/phase10R/checkpoints/C4_Proposed_seed42.pt,STATIC_PICKLE_STRINGS_ONLY,[]
experiments/phase10R/checkpoints/C4_Proposed_seed43.pt,STATIC_PICKLE_STRINGS_ONLY,[]
experiments/phase10R/checkpoints/C4_Proposed_seed44.pt,STATIC_PICKLE_STRINGS_ONLY,[]
experiments/phase10R/checkpoints/C5_Internal_SSM_PCA.pt,STATIC_PICKLE_STRINGS_ONLY,[]
experiments/phase10R/checkpoints/D10_TokenShuffle_Diagnostic.pt,STATIC_PICKLE_STRINGS_ONLY,[]
experiments/phase10R/checkpoints/D2_SingleScale_SA3.pt,STATIC_PICKLE_STRINGS_ONLY,[]
experiments/phase10R/checkpoints/D3_NoAtlasPrior.pt,STATIC_PICKLE_STRINGS_ONLY,[]
experiments/phase10R/checkpoints/D4_GlobalTokenOnly.pt,STATIC_PICKLE_STRINGS_ONLY,[]
experiments/phase10R/checkpoints/D5_SelfAttnOnly.pt,STATIC_PICKLE_STRINGS_ONLY,[]
experiments/phase10R/checkpoints/D6_SelfAndCrossAttn.pt,STATIC_PICKLE_STRINGS_ONLY,[]
experiments/phase10R/checkpoints/D7_Layer2.pt,STATIC_PICKLE_STRINGS_ONLY,[]
experiments/phase10R/checkpoints/D7_Layer6.pt,STATIC_PICKLE_STRINGS_ONLY,[]
experiments/phase10R/checkpoints/D9_QueryPermutation_Diagnostic.pt,STATIC_PICKLE_STRINGS_ONLY,[]
experiments/phase10R/checkpoints/Domain_TSonly_seed42.pt,STATIC_PICKLE_STRINGS_ONLY,[]
experiments/phase10R/checkpoints/Domain_TSonly_seed43.pt,STATIC_PICKLE_STRINGS_ONLY,[]
experiments/phase10R/checkpoints/Domain_TSonly_seed44.pt,STATIC_PICKLE_STRINGS_ONLY,[]
experiments/phase10R/checkpoints/Domain_V2only_seed42.pt,STATIC_PICKLE_STRINGS_ONLY,[]
experiments/phase10R/checkpoints/Domain_V2only_seed43.pt,STATIC_PICKLE_STRINGS_ONLY,[]
experiments/phase10R/checkpoints/Domain_V2only_seed44.pt,STATIC_PICKLE_STRINGS_ONLY,[]
experiments/phase10R/checkpoints/E1_Points_1024.pt,STATIC_PICKLE_STRINGS_ONLY,[]
experiments/phase10R/checkpoints/E1_Points_2048.pt,STATIC_PICKLE_STRINGS_ONLY,[]
experiments/phase10R/checkpoints/E1_Points_8192.pt,STATIC_PICKLE_STRINGS_ONLY,[]
experiments/phase10R/checkpoints/E2_XYZ_Plus_Normals.pt,STATIC_PICKLE_STRINGS_ONLY,[]
experiments/phase16_brain/checkpoints/BrainAware_seed42.pt,STATIC_PICKLE_STRINGS_ONLY,[]
experiments/phase16_brain/checkpoints/BrainAware_seed43.pt,STATIC_PICKLE_STRINGS_ONLY,[]
experiments/phase16_brain/checkpoints/BrainAware_seed44.pt,STATIC_PICKLE_STRINGS_ONLY,[]
experiments/phase5/coarse_predictions_r0.pt,STATIC_PICKLE_STRINGS_ONLY,[]
experiments/phase5/r0_phase4_base_seed42.pt,STATIC_PICKLE_STRINGS_ONLY,[]
experiments/phase6/a0_phase4_base_seed42.pt,STATIC_PICKLE_STRINGS_ONLY,[]
experiments/phase6/a0_phase4_base_seed43.pt,STATIC_PICKLE_STRINGS_ONLY,[]
experiments/phase6/a0_phase4_base_seed44.pt,STATIC_PICKLE_STRINGS_ONLY,[]
experiments/phase6/a3_prior_only_seed42.pt,STATIC_PICKLE_STRINGS_ONLY,[]
experiments/phase6/a3_prior_only_seed43.pt,STATIC_PICKLE_STRINGS_ONLY,[]
experiments/phase6/a3_prior_only_seed44.pt,STATIC_PICKLE_STRINGS_ONLY,[]
experiments/phase6/a4_hybrid_seed42.pt,STATIC_PICKLE_STRINGS_ONLY,[]
experiments/phase6/a4_hybrid_seed43.pt,STATIC_PICKLE_STRINGS_ONLY,[]
experiments/phase6/a4_hybrid_seed44.pt,STATIC_PICKLE_STRINGS_ONLY,[]
experiments/phase6/anatomical_prior_basis.pt,STATIC_PICKLE_STRINGS_ONLY,[]
experiments/phase7/h1_model_seed42.pt,STATIC_PICKLE_STRINGS_ONLY,[]
experiments/phase7/h1_model_seed43.pt,STATIC_PICKLE_STRINGS_ONLY,[]
experiments/phase7/h1_model_seed44.pt,STATIC_PICKLE_STRINGS_ONLY,[]
experiments/phase7/h2_model_seed42.pt,STATIC_PICKLE_STRINGS_ONLY,[]
experiments/phase7/h2_model_seed43.pt,STATIC_PICKLE_STRINGS_ONLY,[]
experiments/phase7/h2_model_seed44.pt,STATIC_PICKLE_STRINGS_ONLY,[]
experiments/phase7/h3_model_seed42.pt,STATIC_PICKLE_STRINGS_ONLY,[]
experiments/phase7/h3_model_seed43.pt,STATIC_PICKLE_STRINGS_ONLY,[]
experiments/phase7/h3_model_seed44.pt,STATIC_PICKLE_STRINGS_ONLY,[]
experiments/phase7/oof_predictions_train.pt,STATIC_PICKLE_STRINGS_ONLY,[]
experiments/phase7/oof_residual_basis.pt,STATIC_PICKLE_STRINGS_ONLY,[]
experiments/phase7/phase4_base_features.pt,STATIC_PICKLE_STRINGS_ONLY,[]
experiments/phase7/regional_basis_and_oracle_results.pt,STATIC_PICKLE_STRINGS_ONLY,[]
experiments/scaling_v3/S1000_seed42/best_model.pt,STATIC_PICKLE_STRINGS_ONLY,[]
experiments/scaling_v3/S350_seed42/best_model.pt,STATIC_PICKLE_STRINGS_ONLY,[]
experiments/scaling_v3/S350_seed43/best_model.pt,STATIC_PICKLE_STRINGS_ONLY,[]
experiments/scaling_v3/S350_seed44/best_model.pt,STATIC_PICKLE_STRINGS_ONLY,[]
experiments/scaling_v3/S500_seed42/best_model.pt,STATIC_PICKLE_STRINGS_ONLY,[]
experiments/scaling_v3/S750_seed42/best_model.pt,STATIC_PICKLE_STRINGS_ONLY,[]
experiments/scaling_v3/SFULL_seed42/best_model.pt,STATIC_PICKLE_STRINGS_ONLY,[]
experiments/scaling_v3/SFULL_seed43/best_model.pt,STATIC_PICKLE_STRINGS_ONLY,[]
experiments/scaling_v3/SFULL_seed44/best_model.pt,STATIC_PICKLE_STRINGS_ONLY,[]
experiments/sex_aware/checkpoints/S2A_SexAware_seed42.pt,STATIC_PICKLE_STRINGS_ONLY,"[""ovary_left"", ""ovary_right"", ""uterus"", ""vagina""]"
experiments/sex_aware/checkpoints/S2A_SexAware_seed43.pt,STATIC_PICKLE_STRINGS_ONLY,"[""ovary_left"", ""ovary_right"", ""uterus"", ""vagina""]"
experiments/sex_aware/checkpoints/S2A_SexAware_seed44.pt,STATIC_PICKLE_STRINGS_ONLY,"[""ovary_left"", ""ovary_right"", ""uterus"", ""vagina""]"
experiments/sex_aware/checkpoints/S2A_SexClassifier.pt,STATIC_PICKLE_STRINGS_ONLY,[]
hf_space/checkpoints/BrainAware_seed42.pt,STATIC_PICKLE_STRINGS_ONLY,[]
hf_space/checkpoints/BrainAware_seed43.pt,STATIC_PICKLE_STRINGS_ONLY,[]
hf_space/checkpoints/BrainAware_seed44.pt,STATIC_PICKLE_STRINGS_ONLY,[]
hf_space/checkpoints/C4_Proposed_seed42.pt,STATIC_PICKLE_STRINGS_ONLY,[]
hf_space/checkpoints/C4_Proposed_seed43.pt,STATIC_PICKLE_STRINGS_ONLY,[]
hf_space/checkpoints/C4_Proposed_seed44.pt,STATIC_PICKLE_STRINGS_ONLY,[]
outputs/checkpoints/best_model.pth,STATIC_PICKLE_STRINGS_ONLY,[]
outputs/checkpoints/checkpoint_epoch_010.pth,STATIC_PICKLE_STRINGS_ONLY,[]
outputs/checkpoints/checkpoint_epoch_020.pth,STATIC_PICKLE_STRINGS_ONLY,[]
outputs/checkpoints/checkpoint_epoch_030.pth,STATIC_PICKLE_STRINGS_ONLY,[]
outputs/checkpoints/checkpoint_epoch_040.pth,STATIC_PICKLE_STRINGS_ONLY,[]
outputs/checkpoints/checkpoint_epoch_050.pth,STATIC_PICKLE_STRINGS_ONLY,[]
outputs/checkpoints/checkpoint_epoch_060.pth,STATIC_PICKLE_STRINGS_ONLY,[]
outputs/checkpoints/checkpoint_epoch_070.pth,STATIC_PICKLE_STRINGS_ONLY,[]
outputs/checkpoints/checkpoint_epoch_080.pth,STATIC_PICKLE_STRINGS_ONLY,[]
outputs/checkpoints/checkpoint_epoch_090.pth,STATIC_PICKLE_STRINGS_ONLY,[]
outputs/checkpoints/checkpoint_epoch_100.pth,STATIC_PICKLE_STRINGS_ONLY,[]
outputs/checkpoints/checkpoint_epoch_110.pth,STATIC_PICKLE_STRINGS_ONLY,[]
outputs/checkpoints/checkpoint_epoch_120.pth,STATIC_PICKLE_STRINGS_ONLY,[]
outputs/checkpoints/checkpoint_epoch_130.pth,STATIC_PICKLE_STRINGS_ONLY,[]
outputs/checkpoints/checkpoint_epoch_140.pth,STATIC_PICKLE_STRINGS_ONLY,[]
outputs/checkpoints/checkpoint_epoch_150.pth,STATIC_PICKLE_STRINGS_ONLY,[]
outputs/checkpoints/checkpoint_epoch_160.pth,STATIC_PICKLE_STRINGS_ONLY,[]
outputs/checkpoints/latest_model.pth,STATIC_PICKLE_STRINGS_ONLY,[]
sharon/dataset/pointclouds_450.pt,STATIC_PICKLE_STRINGS_ONLY,"[""ovary_left"", ""ovary_right"", ""uterus"", ""vagina""]"
sharon/dataset/pointclouds_sample.pt,STATIC_PICKLE_STRINGS_ONLY,"[""ovary_left"", ""ovary_right"", ""uterus"", ""vagina""]"
sharon/dataset_v2/pointclouds_v2.pt,STATIC_PICKLE_STRINGS_ONLY,"[""ovary_left"", ""ovary_right"", ""uterus"", ""vagina""]"
sharon/dataset_v3/pointclouds_v3.pt,STATIC_PICKLE_STRINGS_ONLY,[]
sharon/dataset_v3/pointclouds_v3_prealignment_backup.pt,STATIC_PICKLE_STRINGS_ONLY,[]
sharon/dataset_v3/validation_v2_only/pointclouds_v3_validation_v2_only.pt,STATIC_PICKLE_STRINGS_ONLY,[]
sharon/outputs/checkpoints/best_model.pth,STATIC_PICKLE_STRINGS_ONLY,[]
sharon/outputs/checkpoints/checkpoint_epoch_010.pth,STATIC_PICKLE_STRINGS_ONLY,[]
sharon/outputs/checkpoints/checkpoint_epoch_020.pth,STATIC_PICKLE_STRINGS_ONLY,[]
sharon/outputs/checkpoints/checkpoint_epoch_030.pth,STATIC_PICKLE_STRINGS_ONLY,[]
sharon/outputs/checkpoints/checkpoint_epoch_040.pth,STATIC_PICKLE_STRINGS_ONLY,[]
sharon/outputs/checkpoints/checkpoint_epoch_050.pth,STATIC_PICKLE_STRINGS_ONLY,[]
sharon/outputs/checkpoints/checkpoint_epoch_060.pth,STATIC_PICKLE_STRINGS_ONLY,[]
sharon/outputs/checkpoints/checkpoint_epoch_070.pth,STATIC_PICKLE_STRINGS_ONLY,[]
sharon/outputs/checkpoints/checkpoint_epoch_080.pth,STATIC_PICKLE_STRINGS_ONLY,[]
sharon/outputs/checkpoints/checkpoint_epoch_090.pth,STATIC_PICKLE_STRINGS_ONLY,[]
sharon/outputs/checkpoints/checkpoint_epoch_100.pth,STATIC_PICKLE_STRINGS_ONLY,[]
sharon/outputs/checkpoints/checkpoint_epoch_110.pth,STATIC_PICKLE_STRINGS_ONLY,[]
sharon/outputs/checkpoints/checkpoint_epoch_120.pth,STATIC_PICKLE_STRINGS_ONLY,[]
sharon/outputs/checkpoints/checkpoint_epoch_130.pth,STATIC_PICKLE_STRINGS_ONLY,[]
sharon/outputs/checkpoints/checkpoint_epoch_140.pth,STATIC_PICKLE_STRINGS_ONLY,[]
sharon/outputs/checkpoints/checkpoint_epoch_150.pth,STATIC_PICKLE_STRINGS_ONLY,[]
sharon/outputs/checkpoints/checkpoint_epoch_160.pth,STATIC_PICKLE_STRINGS_ONLY,[]
sharon/outputs/checkpoints/dgcnn_best.pth,STATIC_PICKLE_STRINGS_ONLY,"[""ovary_left"", ""ovary_right"", ""uterus"", ""vagina""]"
sharon/outputs/checkpoints/evidential_model_best.pth,STATIC_PICKLE_STRINGS_ONLY,[]
sharon/outputs/checkpoints/latest_model.pth,STATIC_PICKLE_STRINGS_ONLY,[]
sharon/outputs/checkpoints/pointnet2_best.pth,STATIC_PICKLE_STRINGS_ONLY,"[""ovary_left"", ""ovary_right"", ""uterus"", ""vagina""]"
sharon/outputs/checkpoints/same_model_best.pth,STATIC_PICKLE_STRINGS_ONLY,[]
sharon/outputs/checkpoints/sex_gnn_best.pth,STATIC_PICKLE_STRINGS_ONLY,"[""ovary_left"", ""ovary_right"", ""uterus"", ""vagina""]"
sharon/outputs/checkpoints/densenet121/best_model.pth,STATIC_PICKLE_STRINGS_ONLY,[]
sharon/outputs/checkpoints/densenet121/checkpoint_epoch_010.pth,STATIC_PICKLE_STRINGS_ONLY,[]
sharon/outputs/checkpoints/densenet121/checkpoint_epoch_020.pth,STATIC_PICKLE_STRINGS_ONLY,[]
sharon/outputs/checkpoints/densenet121/checkpoint_epoch_030.pth,STATIC_PICKLE_STRINGS_ONLY,[]
sharon/outputs/checkpoints/densenet121/checkpoint_epoch_040.pth,STATIC_PICKLE_STRINGS_ONLY,[]
sharon/outputs/checkpoints/densenet121/checkpoint_epoch_050.pth,STATIC_PICKLE_STRINGS_ONLY,[]
sharon/outputs/checkpoints/densenet121/checkpoint_epoch_060.pth,STATIC_PICKLE_STRINGS_ONLY,[]
sharon/outputs/checkpoints/densenet121/checkpoint_epoch_070.pth,STATIC_PICKLE_STRINGS_ONLY,[]
sharon/outputs/checkpoints/densenet121/checkpoint_epoch_080.pth,STATIC_PICKLE_STRINGS_ONLY,[]
sharon/outputs/checkpoints/densenet121/checkpoint_epoch_090.pth,STATIC_PICKLE_STRINGS_ONLY,[]
sharon/outputs/checkpoints/densenet121/checkpoint_epoch_100.pth,STATIC_PICKLE_STRINGS_ONLY,[]
sharon/outputs/checkpoints/densenet121/checkpoint_epoch_110.pth,STATIC_PICKLE_STRINGS_ONLY,[]
sharon/outputs/checkpoints/densenet121/checkpoint_epoch_120.pth,STATIC_PICKLE_STRINGS_ONLY,[]
sharon/outputs/checkpoints/densenet121/checkpoint_epoch_130.pth,STATIC_PICKLE_STRINGS_ONLY,[]
sharon/outputs/checkpoints/densenet121/checkpoint_epoch_140.pth,STATIC_PICKLE_STRINGS_ONLY,[]
sharon/outputs/checkpoints/densenet121/checkpoint_epoch_150.pth,STATIC_PICKLE_STRINGS_ONLY,[]
sharon/outputs/checkpoints/densenet121/latest_model.pth,STATIC_PICKLE_STRINGS_ONLY,[]
sharon/outputs/checkpoints/efficientnet_b0/best_model.pth,STATIC_PICKLE_STRINGS_ONLY,[]
sharon/outputs/checkpoints/efficientnet_b0/checkpoint_epoch_010.pth,STATIC_PICKLE_STRINGS_ONLY,[]
sharon/outputs/checkpoints/efficientnet_b0/checkpoint_epoch_020.pth,STATIC_PICKLE_STRINGS_ONLY,[]
sharon/outputs/checkpoints/efficientnet_b0/checkpoint_epoch_030.pth,STATIC_PICKLE_STRINGS_ONLY,[]
sharon/outputs/checkpoints/efficientnet_b0/checkpoint_epoch_040.pth,STATIC_PICKLE_STRINGS_ONLY,[]
sharon/outputs/checkpoints/efficientnet_b0/checkpoint_epoch_050.pth,STATIC_PICKLE_STRINGS_ONLY,[]
sharon/outputs/checkpoints/efficientnet_b0/checkpoint_epoch_060.pth,STATIC_PICKLE_STRINGS_ONLY,[]
sharon/outputs/checkpoints/efficientnet_b0/checkpoint_epoch_070.pth,STATIC_PICKLE_STRINGS_ONLY,[]
sharon/outputs/checkpoints/efficientnet_b0/checkpoint_epoch_080.pth,STATIC_PICKLE_STRINGS_ONLY,[]
sharon/outputs/checkpoints/efficientnet_b0/checkpoint_epoch_090.pth,STATIC_PICKLE_STRINGS_ONLY,[]
sharon/outputs/checkpoints/efficientnet_b0/checkpoint_epoch_100.pth,STATIC_PICKLE_STRINGS_ONLY,[]
sharon/outputs/checkpoints/efficientnet_b0/checkpoint_epoch_110.pth,STATIC_PICKLE_STRINGS_ONLY,[]
sharon/outputs/checkpoints/efficientnet_b0/checkpoint_epoch_120.pth,STATIC_PICKLE_STRINGS_ONLY,[]
sharon/outputs/checkpoints/efficientnet_b0/checkpoint_epoch_130.pth,STATIC_PICKLE_STRINGS_ONLY,[]
sharon/outputs/checkpoints/efficientnet_b0/checkpoint_epoch_140.pth,STATIC_PICKLE_STRINGS_ONLY,[]
sharon/outputs/checkpoints/efficientnet_b0/checkpoint_epoch_150.pth,STATIC_PICKLE_STRINGS_ONLY,[]
sharon/outputs/checkpoints/efficientnet_b0/latest_model.pth,STATIC_PICKLE_STRINGS_ONLY,[]
sharon/outputs/checkpoints/resnet50/best_model.pth,STATIC_PICKLE_STRINGS_ONLY,[]
sharon/outputs/checkpoints/resnet50/checkpoint_epoch_010.pth,STATIC_PICKLE_STRINGS_ONLY,[]
sharon/outputs/checkpoints/resnet50/checkpoint_epoch_020.pth,STATIC_PICKLE_STRINGS_ONLY,[]
sharon/outputs/checkpoints/resnet50/checkpoint_epoch_030.pth,STATIC_PICKLE_STRINGS_ONLY,[]
sharon/outputs/checkpoints/resnet50/checkpoint_epoch_040.pth,STATIC_PICKLE_STRINGS_ONLY,[]
sharon/outputs/checkpoints/resnet50/checkpoint_epoch_050.pth,STATIC_PICKLE_STRINGS_ONLY,[]
sharon/outputs/checkpoints/resnet50/checkpoint_epoch_060.pth,STATIC_PICKLE_STRINGS_ONLY,[]
sharon/outputs/checkpoints/resnet50/checkpoint_epoch_070.pth,STATIC_PICKLE_STRINGS_ONLY,[]
sharon/outputs/checkpoints/resnet50/checkpoint_epoch_080.pth,STATIC_PICKLE_STRINGS_ONLY,[]
sharon/outputs/checkpoints/resnet50/checkpoint_epoch_090.pth,STATIC_PICKLE_STRINGS_ONLY,[]
sharon/outputs/checkpoints/resnet50/checkpoint_epoch_100.pth,STATIC_PICKLE_STRINGS_ONLY,[]
sharon/outputs/checkpoints/resnet50/checkpoint_epoch_110.pth,STATIC_PICKLE_STRINGS_ONLY,[]
sharon/outputs/checkpoints/resnet50/checkpoint_epoch_120.pth,STATIC_PICKLE_STRINGS_ONLY,[]
sharon/outputs/checkpoints/resnet50/checkpoint_epoch_130.pth,STATIC_PICKLE_STRINGS_ONLY,[]
sharon/outputs/checkpoints/resnet50/checkpoint_epoch_140.pth,STATIC_PICKLE_STRINGS_ONLY,[]
sharon/outputs/checkpoints/resnet50/checkpoint_epoch_150.pth,STATIC_PICKLE_STRINGS_ONLY,[]
sharon/outputs/checkpoints/resnet50/latest_model.pth,STATIC_PICKLE_STRINGS_ONLY,[]
sharon/outputs/checkpoints/stage2_refiner/best_model.pth,STATIC_PICKLE_STRINGS_ONLY,[]
sharon/outputs/checkpoints/swin_unetr/best_model.pth,STATIC_PICKLE_STRINGS_ONLY,[]
sharon/outputs/checkpoints/swin_unetr/checkpoint_epoch_010.pth,STATIC_PICKLE_STRINGS_ONLY,[]
sharon/outputs/checkpoints/swin_unetr/checkpoint_epoch_020.pth,STATIC_PICKLE_STRINGS_ONLY,[]
sharon/outputs/checkpoints/swin_unetr/checkpoint_epoch_030.pth,STATIC_PICKLE_STRINGS_ONLY,[]
sharon/outputs/checkpoints/swin_unetr/checkpoint_epoch_040.pth,STATIC_PICKLE_STRINGS_ONLY,[]
sharon/outputs/checkpoints/swin_unetr/checkpoint_epoch_050.pth,STATIC_PICKLE_STRINGS_ONLY,[]
sharon/outputs/checkpoints/swin_unetr/checkpoint_epoch_060.pth,STATIC_PICKLE_STRINGS_ONLY,[]
sharon/outputs/checkpoints/swin_unetr/checkpoint_epoch_070.pth,STATIC_PICKLE_STRINGS_ONLY,[]
sharon/outputs/checkpoints/swin_unetr/checkpoint_epoch_080.pth,STATIC_PICKLE_STRINGS_ONLY,[]
sharon/outputs/checkpoints/swin_unetr/checkpoint_epoch_090.pth,STATIC_PICKLE_STRINGS_ONLY,[]
sharon/outputs/checkpoints/swin_unetr/checkpoint_epoch_100.pth,STATIC_PICKLE_STRINGS_ONLY,[]
sharon/outputs/checkpoints/swin_unetr/checkpoint_epoch_110.pth,STATIC_PICKLE_STRINGS_ONLY,[]
sharon/outputs/checkpoints/swin_unetr/checkpoint_epoch_120.pth,STATIC_PICKLE_STRINGS_ONLY,[]
sharon/outputs/checkpoints/swin_unetr/checkpoint_epoch_130.pth,STATIC_PICKLE_STRINGS_ONLY,[]
sharon/outputs/checkpoints/swin_unetr/checkpoint_epoch_140.pth,STATIC_PICKLE_STRINGS_ONLY,[]
sharon/outputs/checkpoints/swin_unetr/checkpoint_epoch_150.pth,STATIC_PICKLE_STRINGS_ONLY,[]
sharon/outputs/checkpoints/swin_unetr/latest_model.pth,STATIC_PICKLE_STRINGS_ONLY,[]
sharon/outputs/gnn_test/best_gnn_model.pth,STATIC_PICKLE_STRINGS_ONLY,[]
