target_index,canonical_name,anatomical_group,laterality,sex_specific,label_source,train_support,val_support,test_support,external_support,status,notes
0,spleen,Abdominal,none,no,reports/phase1r/target_provenance_v2.csv,NOT_ESTABLISHED,NOT_ESTABLISHED,NOT_ESTABLISHED,NOT_VERIFIED,CANDIDATE_PENDING_NEW_AUDIT,"Candidate ontology, not a validated benchmark. TotalSegmentator v2 mask"
1,kidney_right,Abdominal,right,no,reports/phase1r/target_provenance_v2.csv,NOT_ESTABLISHED,NOT_ESTABLISHED,NOT_ESTABLISHED,NOT_VERIFIED,CANDIDATE_PENDING_NEW_AUDIT,"Candidate ontology, not a validated benchmark. TotalSegmentator v2 mask"
2,kidney_left,Abdominal,left,no,reports/phase1r/target_provenance_v2.csv,NOT_ESTABLISHED,NOT_ESTABLISHED,NOT_ESTABLISHED,NOT_VERIFIED,CANDIDATE_PENDING_NEW_AUDIT,"Candidate ontology, not a validated benchmark. TotalSegmentator v2 mask"
3,gallbladder,Abdominal,none,no,reports/phase1r/target_provenance_v2.csv,NOT_ESTABLISHED,NOT_ESTABLISHED,NOT_ESTABLISHED,NOT_VERIFIED,CANDIDATE_PENDING_NEW_AUDIT,"Candidate ontology, not a validated benchmark. TotalSegmentator v2 mask"
4,liver,Abdominal,none,no,reports/phase1r/target_provenance_v2.csv,NOT_ESTABLISHED,NOT_ESTABLISHED,NOT_ESTABLISHED,NOT_VERIFIED,CANDIDATE_PENDING_NEW_AUDIT,"Candidate ontology, not a validated benchmark. TotalSegmentator v2 mask"
5,stomach,Abdominal,none,no,reports/phase1r/target_provenance_v2.csv,NOT_ESTABLISHED,NOT_ESTABLISHED,NOT_ESTABLISHED,NOT_VERIFIED,CANDIDATE_PENDING_NEW_AUDIT,"Candidate ontology, not a validated benchmark. TotalSegmentator v2 mask"
6,pancreas,Abdominal,none,no,reports/phase1r/target_provenance_v2.csv,NOT_ESTABLISHED,NOT_ESTABLISHED,NOT_ESTABLISHED,NOT_VERIFIED,CANDIDATE_PENDING_NEW_AUDIT,"Candidate ontology, not a validated benchmark. TotalSegmentator v2 mask"
7,adrenal_gland_right,Abdominal,right,no,reports/phase1r/target_provenance_v2.csv,NOT_ESTABLISHED,NOT_ESTABLISHED,NOT_ESTABLISHED,NOT_VERIFIED,CANDIDATE_PENDING_NEW_AUDIT,"Candidate ontology, not a validated benchmark. TotalSegmentator v2 mask"
8,adrenal_gland_left,Abdominal,left,no,reports/phase1r/target_provenance_v2.csv,NOT_ESTABLISHED,NOT_ESTABLISHED,NOT_ESTABLISHED,NOT_VERIFIED,CANDIDATE_PENDING_NEW_AUDIT,"Candidate ontology, not a validated benchmark. TotalSegmentator v2 mask"
9,lung_upper_lobe_left,Thoracic,left,no,reports/phase1r/target_provenance_v2.csv,NOT_ESTABLISHED,NOT_ESTABLISHED,NOT_ESTABLISHED,NOT_VERIFIED,CANDIDATE_PENDING_NEW_AUDIT,"Candidate ontology, not a validated benchmark. TotalSegmentator v2 mask"
10,lung_lower_lobe_left,Thoracic,left,no,reports/phase1r/target_provenance_v2.csv,NOT_ESTABLISHED,NOT_ESTABLISHED,NOT_ESTABLISHED,NOT_VERIFIED,CANDIDATE_PENDING_NEW_AUDIT,"Candidate ontology, not a validated benchmark. TotalSegmentator v2 mask"
11,lung_upper_lobe_right,Thoracic,right,no,reports/phase1r/target_provenance_v2.csv,NOT_ESTABLISHED,NOT_ESTABLISHED,NOT_ESTABLISHED,NOT_VERIFIED,CANDIDATE_PENDING_NEW_AUDIT,"Candidate ontology, not a validated benchmark. TotalSegmentator v2 mask"
12,lung_middle_lobe_right,Thoracic,right,no,reports/phase1r/target_provenance_v2.csv,NOT_ESTABLISHED,NOT_ESTABLISHED,NOT_ESTABLISHED,NOT_VERIFIED,CANDIDATE_PENDING_NEW_AUDIT,"Candidate ontology, not a validated benchmark. TotalSegmentator v2 mask"
13,lung_lower_lobe_right,Thoracic,right,no,reports/phase1r/target_provenance_v2.csv,NOT_ESTABLISHED,NOT_ESTABLISHED,NOT_ESTABLISHED,NOT_VERIFIED,CANDIDATE_PENDING_NEW_AUDIT,"Candidate ontology, not a validated benchmark. TotalSegmentator v2 mask"
14,esophagus,Thoracic,none,no,reports/phase1r/target_provenance_v2.csv,NOT_ESTABLISHED,NOT_ESTABLISHED,NOT_ESTABLISHED,NOT_VERIFIED,CANDIDATE_PENDING_NEW_AUDIT,"Candidate ontology, not a validated benchmark. TotalSegmentator v2 mask"
15,trachea,Thoracic,none,no,reports/phase1r/target_provenance_v2.csv,NOT_ESTABLISHED,NOT_ESTABLISHED,NOT_ESTABLISHED,NOT_VERIFIED,CANDIDATE_PENDING_NEW_AUDIT,"Candidate ontology, not a validated benchmark. TotalSegmentator v2 mask"
16,thyroid_gland,Thoracic,none,no,reports/phase1r/target_provenance_v2.csv,NOT_ESTABLISHED,NOT_ESTABLISHED,NOT_ESTABLISHED,NOT_VERIFIED,CANDIDATE_PENDING_NEW_AUDIT,"Candidate ontology, not a validated benchmark. TotalSegmentator v2 mask"
17,small_bowel,Abdominal,none,no,reports/phase1r/target_provenance_v2.csv,NOT_ESTABLISHED,NOT_ESTABLISHED,NOT_ESTABLISHED,NOT_VERIFIED,CANDIDATE_PENDING_NEW_AUDIT,"Candidate ontology, not a validated benchmark. TotalSegmentator v2 mask"
18,duodenum,Abdominal,none,no,reports/phase1r/target_provenance_v2.csv,NOT_ESTABLISHED,NOT_ESTABLISHED,NOT_ESTABLISHED,NOT_VERIFIED,CANDIDATE_PENDING_NEW_AUDIT,"Candidate ontology, not a validated benchmark. TotalSegmentator v2 mask"
19,colon,Abdominal,none,no,reports/phase1r/target_provenance_v2.csv,NOT_ESTABLISHED,NOT_ESTABLISHED,NOT_ESTABLISHED,NOT_VERIFIED,CANDIDATE_PENDING_NEW_AUDIT,"Candidate ontology, not a validated benchmark. TotalSegmentator v2 mask"
20,urinary_bladder,Pelvic,none,no,reports/phase1r/target_provenance_v2.csv,NOT_ESTABLISHED,NOT_ESTABLISHED,NOT_ESTABLISHED,NOT_VERIFIED,CANDIDATE_PENDING_NEW_AUDIT,"Candidate ontology, not a validated benchmark. TotalSegmentator v2 mask"
21,prostate,Pelvic,none,male,reports/phase1r/target_provenance_v2.csv,NOT_ESTABLISHED,NOT_ESTABLISHED,NOT_ESTABLISHED,NOT_VERIFIED,CANDIDATE_PENDING_NEW_AUDIT,"Candidate ontology, not a validated benchmark. TotalSegmentator v2 mask"
22,sacrum,Skeletal,none,no,reports/phase1r/target_provenance_v2.csv,NOT_ESTABLISHED,NOT_ESTABLISHED,NOT_ESTABLISHED,NOT_VERIFIED,CANDIDATE_PENDING_NEW_AUDIT,"Candidate ontology, not a validated benchmark. TotalSegmentator v2 mask"
23,vertebrae_S1,Skeletal,none,no,reports/phase1r/target_provenance_v2.csv,NOT_ESTABLISHED,NOT_ESTABLISHED,NOT_ESTABLISHED,NOT_VERIFIED,CANDIDATE_PENDING_NEW_AUDIT,"Candidate ontology, not a validated benchmark. TotalSegmentator v2 mask"
24,vertebrae_L5,Skeletal,none,no,reports/phase1r/target_provenance_v2.csv,NOT_ESTABLISHED,NOT_ESTABLISHED,NOT_ESTABLISHED,NOT_VERIFIED,CANDIDATE_PENDING_NEW_AUDIT,"Candidate ontology, not a validated benchmark. TotalSegmentator v2 mask"
25,vertebrae_L4,Skeletal,none,no,reports/phase1r/target_provenance_v2.csv,NOT_ESTABLISHED,NOT_ESTABLISHED,NOT_ESTABLISHED,NOT_VERIFIED,CANDIDATE_PENDING_NEW_AUDIT,"Candidate ontology, not a validated benchmark. TotalSegmentator v2 mask"
26,vertebrae_L3,Skeletal,none,no,reports/phase1r/target_provenance_v2.csv,NOT_ESTABLISHED,NOT_ESTABLISHED,NOT_ESTABLISHED,NOT_VERIFIED,CANDIDATE_PENDING_NEW_AUDIT,"Candidate ontology, not a validated benchmark. TotalSegmentator v2 mask"
27,vertebrae_L2,Skeletal,none,no,reports/phase1r/target_provenance_v2.csv,NOT_ESTABLISHED,NOT_ESTABLISHED,NOT_ESTABLISHED,NOT_VERIFIED,CANDIDATE_PENDING_NEW_AUDIT,"Candidate ontology, not a validated benchmark. TotalSegmentator v2 mask"
28,vertebrae_L1,Skeletal,none,no,reports/phase1r/target_provenance_v2.csv,NOT_ESTABLISHED,NOT_ESTABLISHED,NOT_ESTABLISHED,NOT_VERIFIED,CANDIDATE_PENDING_NEW_AUDIT,"Candidate ontology, not a validated benchmark. TotalSegmentator v2 mask"
29,vertebrae_T12,Skeletal,none,no,reports/phase1r/target_provenance_v2.csv,NOT_ESTABLISHED,NOT_ESTABLISHED,NOT_ESTABLISHED,NOT_VERIFIED,CANDIDATE_PENDING_NEW_AUDIT,"Candidate ontology, not a validated benchmark. TotalSegmentator v2 mask"
30,vertebrae_T11,Skeletal,none,no,reports/phase1r/target_provenance_v2.csv,NOT_ESTABLISHED,NOT_ESTABLISHED,NOT_ESTABLISHED,NOT_VERIFIED,CANDIDATE_PENDING_NEW_AUDIT,"Candidate ontology, not a validated benchmark. TotalSegmentator v2 mask"
31,vertebrae_T10,Skeletal,none,no,reports/phase1r/target_provenance_v2.csv,NOT_ESTABLISHED,NOT_ESTABLISHED,NOT_ESTABLISHED,NOT_VERIFIED,CANDIDATE_PENDING_NEW_AUDIT,"Candidate ontology, not a validated benchmark. TotalSegmentator v2 mask"
32,vertebrae_T9,Skeletal,none,no,reports/phase1r/target_provenance_v2.csv,NOT_ESTABLISHED,NOT_ESTABLISHED,NOT_ESTABLISHED,NOT_VERIFIED,CANDIDATE_PENDING_NEW_AUDIT,"Candidate ontology, not a validated benchmark. TotalSegmentator v2 mask"
33,vertebrae_T8,Skeletal,none,no,reports/phase1r/target_provenance_v2.csv,NOT_ESTABLISHED,NOT_ESTABLISHED,NOT_ESTABLISHED,NOT_VERIFIED,CANDIDATE_PENDING_NEW_AUDIT,"Candidate ontology, not a validated benchmark. TotalSegmentator v2 mask"
34,vertebrae_T7,Skeletal,none,no,reports/phase1r/target_provenance_v2.csv,NOT_ESTABLISHED,NOT_ESTABLISHED,NOT_ESTABLISHED,NOT_VERIFIED,CANDIDATE_PENDING_NEW_AUDIT,"Candidate ontology, not a validated benchmark. TotalSegmentator v2 mask"
35,vertebrae_T6,Skeletal,none,no,reports/phase1r/target_provenance_v2.csv,NOT_ESTABLISHED,NOT_ESTABLISHED,NOT_ESTABLISHED,NOT_VERIFIED,CANDIDATE_PENDING_NEW_AUDIT,"Candidate ontology, not a validated benchmark. TotalSegmentator v2 mask"
36,vertebrae_T5,Skeletal,none,no,reports/phase1r/target_provenance_v2.csv,NOT_ESTABLISHED,NOT_ESTABLISHED,NOT_ESTABLISHED,NOT_VERIFIED,CANDIDATE_PENDING_NEW_AUDIT,"Candidate ontology, not a validated benchmark. TotalSegmentator v2 mask"
37,vertebrae_T4,Skeletal,none,no,reports/phase1r/target_provenance_v2.csv,NOT_ESTABLISHED,NOT_ESTABLISHED,NOT_ESTABLISHED,NOT_VERIFIED,CANDIDATE_PENDING_NEW_AUDIT,"Candidate ontology, not a validated benchmark. TotalSegmentator v2 mask"
38,vertebrae_T3,Skeletal,none,no,reports/phase1r/target_provenance_v2.csv,NOT_ESTABLISHED,NOT_ESTABLISHED,NOT_ESTABLISHED,NOT_VERIFIED,CANDIDATE_PENDING_NEW_AUDIT,"Candidate ontology, not a validated benchmark. TotalSegmentator v2 mask"
39,vertebrae_T2,Skeletal,none,no,reports/phase1r/target_provenance_v2.csv,NOT_ESTABLISHED,NOT_ESTABLISHED,NOT_ESTABLISHED,NOT_VERIFIED,CANDIDATE_PENDING_NEW_AUDIT,"Candidate ontology, not a validated benchmark. TotalSegmentator v2 mask"
40,vertebrae_T1,Skeletal,none,no,reports/phase1r/target_provenance_v2.csv,NOT_ESTABLISHED,NOT_ESTABLISHED,NOT_ESTABLISHED,NOT_VERIFIED,CANDIDATE_PENDING_NEW_AUDIT,"Candidate ontology, not a validated benchmark. TotalSegmentator v2 mask"
41,vertebrae_C7,Skeletal,none,no,reports/phase1r/target_provenance_v2.csv,NOT_ESTABLISHED,NOT_ESTABLISHED,NOT_ESTABLISHED,NOT_VERIFIED,CANDIDATE_PENDING_NEW_AUDIT,"Candidate ontology, not a validated benchmark. TotalSegmentator v2 mask"
42,vertebrae_C6,Skeletal,none,no,reports/phase1r/target_provenance_v2.csv,NOT_ESTABLISHED,NOT_ESTABLISHED,NOT_ESTABLISHED,NOT_VERIFIED,CANDIDATE_PENDING_NEW_AUDIT,"Candidate ontology, not a validated benchmark. TotalSegmentator v2 mask"
43,vertebrae_C5,Skeletal,none,no,reports/phase1r/target_provenance_v2.csv,NOT_ESTABLISHED,NOT_ESTABLISHED,NOT_ESTABLISHED,NOT_VERIFIED,CANDIDATE_PENDING_NEW_AUDIT,"Candidate ontology, not a validated benchmark. TotalSegmentator v2 mask"
44,vertebrae_C4,Skeletal,none,no,reports/phase1r/target_provenance_v2.csv,NOT_ESTABLISHED,NOT_ESTABLISHED,NOT_ESTABLISHED,NOT_VERIFIED,CANDIDATE_PENDING_NEW_AUDIT,"Candidate ontology, not a validated benchmark. TotalSegmentator v2 mask"
45,vertebrae_C3,Skeletal,none,no,reports/phase1r/target_provenance_v2.csv,NOT_ESTABLISHED,NOT_ESTABLISHED,NOT_ESTABLISHED,NOT_VERIFIED,CANDIDATE_PENDING_NEW_AUDIT,"Candidate ontology, not a validated benchmark. TotalSegmentator v2 mask"
46,vertebrae_C2,Skeletal,none,no,reports/phase1r/target_provenance_v2.csv,NOT_ESTABLISHED,NOT_ESTABLISHED,NOT_ESTABLISHED,NOT_VERIFIED,CANDIDATE_PENDING_NEW_AUDIT,"Candidate ontology, not a validated benchmark. TotalSegmentator v2 mask"
47,vertebrae_C1,Skeletal,none,no,reports/phase1r/target_provenance_v2.csv,NOT_ESTABLISHED,NOT_ESTABLISHED,NOT_ESTABLISHED,NOT_VERIFIED,CANDIDATE_PENDING_NEW_AUDIT,"Candidate ontology, not a validated benchmark. TotalSegmentator v2 mask"
48,heart,Thoracic,none,no,reports/phase1r/target_provenance_v2.csv,NOT_ESTABLISHED,NOT_ESTABLISHED,NOT_ESTABLISHED,NOT_VERIFIED,CANDIDATE_PENDING_NEW_AUDIT,"Candidate ontology, not a validated benchmark. TotalSegmentator v2 mask"
49,aorta,Thoracic,none,no,reports/phase1r/target_provenance_v2.csv,NOT_ESTABLISHED,NOT_ESTABLISHED,NOT_ESTABLISHED,NOT_VERIFIED,CANDIDATE_PENDING_NEW_AUDIT,"Candidate ontology, not a validated benchmark. TotalSegmentator v2 mask"
50,pulmonary_vein,Thoracic,none,no,reports/phase1r/target_provenance_v2.csv,NOT_ESTABLISHED,NOT_ESTABLISHED,NOT_ESTABLISHED,NOT_VERIFIED,CANDIDATE_PENDING_NEW_AUDIT,"Candidate ontology, not a validated benchmark. TotalSegmentator v2 mask"
51,brachiocephalic_trunk,Thoracic,none,no,reports/phase1r/target_provenance_v2.csv,NOT_ESTABLISHED,NOT_ESTABLISHED,NOT_ESTABLISHED,NOT_VERIFIED,CANDIDATE_PENDING_NEW_AUDIT,"Candidate ontology, not a validated benchmark. TotalSegmentator v2 mask"
52,subclavian_artery_right,Thoracic,right,no,reports/phase1r/target_provenance_v2.csv,NOT_ESTABLISHED,NOT_ESTABLISHED,NOT_ESTABLISHED,NOT_VERIFIED,CANDIDATE_PENDING_NEW_AUDIT,"Candidate ontology, not a validated benchmark. TotalSegmentator v2 mask"
53,subclavian_artery_left,Thoracic,left,no,reports/phase1r/target_provenance_v2.csv,NOT_ESTABLISHED,NOT_ESTABLISHED,NOT_ESTABLISHED,NOT_VERIFIED,CANDIDATE_PENDING_NEW_AUDIT,"Candidate ontology, not a validated benchmark. TotalSegmentator v2 mask"
54,common_carotid_artery_right,Thoracic,right,no,reports/phase1r/target_provenance_v2.csv,NOT_ESTABLISHED,NOT_ESTABLISHED,NOT_ESTABLISHED,NOT_VERIFIED,CANDIDATE_PENDING_NEW_AUDIT,"Candidate ontology, not a validated benchmark. TotalSegmentator v2 mask"
55,common_carotid_artery_left,Thoracic,left,no,reports/phase1r/target_provenance_v2.csv,NOT_ESTABLISHED,NOT_ESTABLISHED,NOT_ESTABLISHED,NOT_VERIFIED,CANDIDATE_PENDING_NEW_AUDIT,"Candidate ontology, not a validated benchmark. TotalSegmentator v2 mask"
56,superior_vena_cava,Thoracic,none,no,reports/phase1r/target_provenance_v2.csv,NOT_ESTABLISHED,NOT_ESTABLISHED,NOT_ESTABLISHED,NOT_VERIFIED,CANDIDATE_PENDING_NEW_AUDIT,"Candidate ontology, not a validated benchmark. TotalSegmentator v2 mask"
57,inferior_vena_cava,Abdominal,none,no,reports/phase1r/target_provenance_v2.csv,NOT_ESTABLISHED,NOT_ESTABLISHED,NOT_ESTABLISHED,NOT_VERIFIED,CANDIDATE_PENDING_NEW_AUDIT,"Candidate ontology, not a validated benchmark. TotalSegmentator v2 mask"
58,portal_vein_and_splenic_vein,Abdominal,none,no,reports/phase1r/target_provenance_v2.csv,NOT_ESTABLISHED,NOT_ESTABLISHED,NOT_ESTABLISHED,NOT_VERIFIED,CANDIDATE_PENDING_NEW_AUDIT,"Candidate ontology, not a validated benchmark. TotalSegmentator v2 mask"
59,iliac_artery_right,Pelvic,right,no,reports/phase1r/target_provenance_v2.csv,NOT_ESTABLISHED,NOT_ESTABLISHED,NOT_ESTABLISHED,NOT_VERIFIED,CANDIDATE_PENDING_NEW_AUDIT,"Candidate ontology, not a validated benchmark. TotalSegmentator v2 mask"
60,iliac_artery_left,Pelvic,left,no,reports/phase1r/target_provenance_v2.csv,NOT_ESTABLISHED,NOT_ESTABLISHED,NOT_ESTABLISHED,NOT_VERIFIED,CANDIDATE_PENDING_NEW_AUDIT,"Candidate ontology, not a validated benchmark. TotalSegmentator v2 mask"
61,iliac_vena_right,Pelvic,right,no,reports/phase1r/target_provenance_v2.csv,NOT_ESTABLISHED,NOT_ESTABLISHED,NOT_ESTABLISHED,NOT_VERIFIED,CANDIDATE_PENDING_NEW_AUDIT,"Candidate ontology, not a validated benchmark. TotalSegmentator v2 mask"
62,iliac_vena_left,Pelvic,left,no,reports/phase1r/target_provenance_v2.csv,NOT_ESTABLISHED,NOT_ESTABLISHED,NOT_ESTABLISHED,NOT_VERIFIED,CANDIDATE_PENDING_NEW_AUDIT,"Candidate ontology, not a validated benchmark. TotalSegmentator v2 mask"
63,humerus_right,Skeletal,right,no,reports/phase1r/target_provenance_v2.csv,NOT_ESTABLISHED,NOT_ESTABLISHED,NOT_ESTABLISHED,NOT_VERIFIED,CANDIDATE_PENDING_NEW_AUDIT,"Candidate ontology, not a validated benchmark. TotalSegmentator v2 mask"
64,humerus_left,Skeletal,left,no,reports/phase1r/target_provenance_v2.csv,NOT_ESTABLISHED,NOT_ESTABLISHED,NOT_ESTABLISHED,NOT_VERIFIED,CANDIDATE_PENDING_NEW_AUDIT,"Candidate ontology, not a validated benchmark. TotalSegmentator v2 mask"
65,scapula_right,Skeletal,right,no,reports/phase1r/target_provenance_v2.csv,NOT_ESTABLISHED,NOT_ESTABLISHED,NOT_ESTABLISHED,NOT_VERIFIED,CANDIDATE_PENDING_NEW_AUDIT,"Candidate ontology, not a validated benchmark. TotalSegmentator v2 mask"
66,scapula_left,Skeletal,left,no,reports/phase1r/target_provenance_v2.csv,NOT_ESTABLISHED,NOT_ESTABLISHED,NOT_ESTABLISHED,NOT_VERIFIED,CANDIDATE_PENDING_NEW_AUDIT,"Candidate ontology, not a validated benchmark. TotalSegmentator v2 mask"
67,clavicula_right,Skeletal,right,no,reports/phase1r/target_provenance_v2.csv,NOT_ESTABLISHED,NOT_ESTABLISHED,NOT_ESTABLISHED,NOT_VERIFIED,CANDIDATE_PENDING_NEW_AUDIT,"Candidate ontology, not a validated benchmark. TotalSegmentator v2 mask"
68,clavicula_left,Skeletal,left,no,reports/phase1r/target_provenance_v2.csv,NOT_ESTABLISHED,NOT_ESTABLISHED,NOT_ESTABLISHED,NOT_VERIFIED,CANDIDATE_PENDING_NEW_AUDIT,"Candidate ontology, not a validated benchmark. TotalSegmentator v2 mask"
69,femur_right,Skeletal,right,no,reports/phase1r/target_provenance_v2.csv,NOT_ESTABLISHED,NOT_ESTABLISHED,NOT_ESTABLISHED,NOT_VERIFIED,CANDIDATE_PENDING_NEW_AUDIT,"Candidate ontology, not a validated benchmark. TotalSegmentator v2 mask"
70,femur_left,Skeletal,left,no,reports/phase1r/target_provenance_v2.csv,NOT_ESTABLISHED,NOT_ESTABLISHED,NOT_ESTABLISHED,NOT_VERIFIED,CANDIDATE_PENDING_NEW_AUDIT,"Candidate ontology, not a validated benchmark. TotalSegmentator v2 mask"
71,hip_right,Skeletal,right,no,reports/phase1r/target_provenance_v2.csv,NOT_ESTABLISHED,NOT_ESTABLISHED,NOT_ESTABLISHED,NOT_VERIFIED,CANDIDATE_PENDING_NEW_AUDIT,"Candidate ontology, not a validated benchmark. TotalSegmentator v2 mask"
72,hip_left,Skeletal,left,no,reports/phase1r/target_provenance_v2.csv,NOT_ESTABLISHED,NOT_ESTABLISHED,NOT_ESTABLISHED,NOT_VERIFIED,CANDIDATE_PENDING_NEW_AUDIT,"Candidate ontology, not a validated benchmark. TotalSegmentator v2 mask"
73,spinal_cord,Skeletal,none,no,reports/phase1r/target_provenance_v2.csv,NOT_ESTABLISHED,NOT_ESTABLISHED,NOT_ESTABLISHED,NOT_VERIFIED,CANDIDATE_PENDING_NEW_AUDIT,"Candidate ontology, not a validated benchmark. TotalSegmentator v2 mask"
74,gluteus_maximus_right,Pelvic,right,no,reports/phase1r/target_provenance_v2.csv,NOT_ESTABLISHED,NOT_ESTABLISHED,NOT_ESTABLISHED,NOT_VERIFIED,CANDIDATE_PENDING_NEW_AUDIT,"Candidate ontology, not a validated benchmark. TotalSegmentator v2 mask"
75,gluteus_maximus_left,Pelvic,left,no,reports/phase1r/target_provenance_v2.csv,NOT_ESTABLISHED,NOT_ESTABLISHED,NOT_ESTABLISHED,NOT_VERIFIED,CANDIDATE_PENDING_NEW_AUDIT,"Candidate ontology, not a validated benchmark. TotalSegmentator v2 mask"
76,gluteus_medius_right,Pelvic,right,no,reports/phase1r/target_provenance_v2.csv,NOT_ESTABLISHED,NOT_ESTABLISHED,NOT_ESTABLISHED,NOT_VERIFIED,CANDIDATE_PENDING_NEW_AUDIT,"Candidate ontology, not a validated benchmark. TotalSegmentator v2 mask"
77,gluteus_medius_left,Pelvic,left,no,reports/phase1r/target_provenance_v2.csv,NOT_ESTABLISHED,NOT_ESTABLISHED,NOT_ESTABLISHED,NOT_VERIFIED,CANDIDATE_PENDING_NEW_AUDIT,"Candidate ontology, not a validated benchmark. TotalSegmentator v2 mask"
78,gluteus_minimus_right,Pelvic,right,no,reports/phase1r/target_provenance_v2.csv,NOT_ESTABLISHED,NOT_ESTABLISHED,NOT_ESTABLISHED,NOT_VERIFIED,CANDIDATE_PENDING_NEW_AUDIT,"Candidate ontology, not a validated benchmark. TotalSegmentator v2 mask"
79,gluteus_minimus_left,Pelvic,left,no,reports/phase1r/target_provenance_v2.csv,NOT_ESTABLISHED,NOT_ESTABLISHED,NOT_ESTABLISHED,NOT_VERIFIED,CANDIDATE_PENDING_NEW_AUDIT,"Candidate ontology, not a validated benchmark. TotalSegmentator v2 mask"
80,autochthon_right,Skeletal,right,no,reports/phase1r/target_provenance_v2.csv,NOT_ESTABLISHED,NOT_ESTABLISHED,NOT_ESTABLISHED,NOT_VERIFIED,CANDIDATE_PENDING_NEW_AUDIT,"Candidate ontology, not a validated benchmark. TotalSegmentator v2 mask"
81,autochthon_left,Skeletal,left,no,reports/phase1r/target_provenance_v2.csv,NOT_ESTABLISHED,NOT_ESTABLISHED,NOT_ESTABLISHED,NOT_VERIFIED,CANDIDATE_PENDING_NEW_AUDIT,"Candidate ontology, not a validated benchmark. TotalSegmentator v2 mask"
82,iliopsoas_right,Pelvic,right,no,reports/phase1r/target_provenance_v2.csv,NOT_ESTABLISHED,NOT_ESTABLISHED,NOT_ESTABLISHED,NOT_VERIFIED,CANDIDATE_PENDING_NEW_AUDIT,"Candidate ontology, not a validated benchmark. TotalSegmentator v2 mask"
83,iliopsoas_left,Pelvic,left,no,reports/phase1r/target_provenance_v2.csv,NOT_ESTABLISHED,NOT_ESTABLISHED,NOT_ESTABLISHED,NOT_VERIFIED,CANDIDATE_PENDING_NEW_AUDIT,"Candidate ontology, not a validated benchmark. TotalSegmentator v2 mask"
84,brain,Skeletal,none,no,reports/phase1r/target_provenance_v2.csv,NOT_ESTABLISHED,NOT_ESTABLISHED,NOT_ESTABLISHED,NOT_VERIFIED,CANDIDATE_PENDING_NEW_AUDIT,"Candidate ontology, not a validated benchmark. TotalSegmentator v2 mask"
85,skull,Skeletal,none,no,reports/phase1r/target_provenance_v2.csv,NOT_ESTABLISHED,NOT_ESTABLISHED,NOT_ESTABLISHED,NOT_VERIFIED,CANDIDATE_PENDING_NEW_AUDIT,"Candidate ontology, not a validated benchmark. TotalSegmentator v2 mask"
86,rib_left_1,Skeletal,left,no,reports/phase1r/target_provenance_v2.csv,NOT_ESTABLISHED,NOT_ESTABLISHED,NOT_ESTABLISHED,NOT_VERIFIED,CANDIDATE_PENDING_NEW_AUDIT,"Candidate ontology, not a validated benchmark. TotalSegmentator v2 mask"
87,rib_left_2,Skeletal,left,no,reports/phase1r/target_provenance_v2.csv,NOT_ESTABLISHED,NOT_ESTABLISHED,NOT_ESTABLISHED,NOT_VERIFIED,CANDIDATE_PENDING_NEW_AUDIT,"Candidate ontology, not a validated benchmark. TotalSegmentator v2 mask"
88,rib_left_3,Skeletal,left,no,reports/phase1r/target_provenance_v2.csv,NOT_ESTABLISHED,NOT_ESTABLISHED,NOT_ESTABLISHED,NOT_VERIFIED,CANDIDATE_PENDING_NEW_AUDIT,"Candidate ontology, not a validated benchmark. TotalSegmentator v2 mask"
89,rib_left_4,Skeletal,left,no,reports/phase1r/target_provenance_v2.csv,NOT_ESTABLISHED,NOT_ESTABLISHED,NOT_ESTABLISHED,NOT_VERIFIED,CANDIDATE_PENDING_NEW_AUDIT,"Candidate ontology, not a validated benchmark. TotalSegmentator v2 mask"
90,rib_left_5,Skeletal,left,no,reports/phase1r/target_provenance_v2.csv,NOT_ESTABLISHED,NOT_ESTABLISHED,NOT_ESTABLISHED,NOT_VERIFIED,CANDIDATE_PENDING_NEW_AUDIT,"Candidate ontology, not a validated benchmark. TotalSegmentator v2 mask"
91,rib_left_6,Skeletal,left,no,reports/phase1r/target_provenance_v2.csv,NOT_ESTABLISHED,NOT_ESTABLISHED,NOT_ESTABLISHED,NOT_VERIFIED,CANDIDATE_PENDING_NEW_AUDIT,"Candidate ontology, not a validated benchmark. TotalSegmentator v2 mask"
92,rib_left_7,Skeletal,left,no,reports/phase1r/target_provenance_v2.csv,NOT_ESTABLISHED,NOT_ESTABLISHED,NOT_ESTABLISHED,NOT_VERIFIED,CANDIDATE_PENDING_NEW_AUDIT,"Candidate ontology, not a validated benchmark. TotalSegmentator v2 mask"
93,rib_left_8,Skeletal,left,no,reports/phase1r/target_provenance_v2.csv,NOT_ESTABLISHED,NOT_ESTABLISHED,NOT_ESTABLISHED,NOT_VERIFIED,CANDIDATE_PENDING_NEW_AUDIT,"Candidate ontology, not a validated benchmark. TotalSegmentator v2 mask"
94,rib_left_9,Skeletal,left,no,reports/phase1r/target_provenance_v2.csv,NOT_ESTABLISHED,NOT_ESTABLISHED,NOT_ESTABLISHED,NOT_VERIFIED,CANDIDATE_PENDING_NEW_AUDIT,"Candidate ontology, not a validated benchmark. TotalSegmentator v2 mask"
95,rib_left_10,Skeletal,left,no,reports/phase1r/target_provenance_v2.csv,NOT_ESTABLISHED,NOT_ESTABLISHED,NOT_ESTABLISHED,NOT_VERIFIED,CANDIDATE_PENDING_NEW_AUDIT,"Candidate ontology, not a validated benchmark. TotalSegmentator v2 mask"
96,rib_left_11,Skeletal,left,no,reports/phase1r/target_provenance_v2.csv,NOT_ESTABLISHED,NOT_ESTABLISHED,NOT_ESTABLISHED,NOT_VERIFIED,CANDIDATE_PENDING_NEW_AUDIT,"Candidate ontology, not a validated benchmark. TotalSegmentator v2 mask"
97,rib_left_12,Skeletal,left,no,reports/phase1r/target_provenance_v2.csv,NOT_ESTABLISHED,NOT_ESTABLISHED,NOT_ESTABLISHED,NOT_VERIFIED,CANDIDATE_PENDING_NEW_AUDIT,"Candidate ontology, not a validated benchmark. TotalSegmentator v2 mask"
98,rib_right_1,Skeletal,right,no,reports/phase1r/target_provenance_v2.csv,NOT_ESTABLISHED,NOT_ESTABLISHED,NOT_ESTABLISHED,NOT_VERIFIED,CANDIDATE_PENDING_NEW_AUDIT,"Candidate ontology, not a validated benchmark. TotalSegmentator v2 mask"
99,rib_right_2,Skeletal,right,no,reports/phase1r/target_provenance_v2.csv,NOT_ESTABLISHED,NOT_ESTABLISHED,NOT_ESTABLISHED,NOT_VERIFIED,CANDIDATE_PENDING_NEW_AUDIT,"Candidate ontology, not a validated benchmark. TotalSegmentator v2 mask"
100,rib_right_3,Skeletal,right,no,reports/phase1r/target_provenance_v2.csv,NOT_ESTABLISHED,NOT_ESTABLISHED,NOT_ESTABLISHED,NOT_VERIFIED,CANDIDATE_PENDING_NEW_AUDIT,"Candidate ontology, not a validated benchmark. TotalSegmentator v2 mask"
101,rib_right_4,Skeletal,right,no,reports/phase1r/target_provenance_v2.csv,NOT_ESTABLISHED,NOT_ESTABLISHED,NOT_ESTABLISHED,NOT_VERIFIED,CANDIDATE_PENDING_NEW_AUDIT,"Candidate ontology, not a validated benchmark. TotalSegmentator v2 mask"
102,rib_right_5,Skeletal,right,no,reports/phase1r/target_provenance_v2.csv,NOT_ESTABLISHED,NOT_ESTABLISHED,NOT_ESTABLISHED,NOT_VERIFIED,CANDIDATE_PENDING_NEW_AUDIT,"Candidate ontology, not a validated benchmark. TotalSegmentator v2 mask"
103,rib_right_6,Skeletal,right,no,reports/phase1r/target_provenance_v2.csv,NOT_ESTABLISHED,NOT_ESTABLISHED,NOT_ESTABLISHED,NOT_VERIFIED,CANDIDATE_PENDING_NEW_AUDIT,"Candidate ontology, not a validated benchmark. TotalSegmentator v2 mask"
104,rib_right_7,Skeletal,right,no,reports/phase1r/target_provenance_v2.csv,NOT_ESTABLISHED,NOT_ESTABLISHED,NOT_ESTABLISHED,NOT_VERIFIED,CANDIDATE_PENDING_NEW_AUDIT,"Candidate ontology, not a validated benchmark. TotalSegmentator v2 mask"
105,rib_right_8,Skeletal,right,no,reports/phase1r/target_provenance_v2.csv,NOT_ESTABLISHED,NOT_ESTABLISHED,NOT_ESTABLISHED,NOT_VERIFIED,CANDIDATE_PENDING_NEW_AUDIT,"Candidate ontology, not a validated benchmark. TotalSegmentator v2 mask"
106,rib_right_9,Skeletal,right,no,reports/phase1r/target_provenance_v2.csv,NOT_ESTABLISHED,NOT_ESTABLISHED,NOT_ESTABLISHED,NOT_VERIFIED,CANDIDATE_PENDING_NEW_AUDIT,"Candidate ontology, not a validated benchmark. TotalSegmentator v2 mask"
107,rib_right_10,Skeletal,right,no,reports/phase1r/target_provenance_v2.csv,NOT_ESTABLISHED,NOT_ESTABLISHED,NOT_ESTABLISHED,NOT_VERIFIED,CANDIDATE_PENDING_NEW_AUDIT,"Candidate ontology, not a validated benchmark. TotalSegmentator v2 mask"
108,rib_right_11,Skeletal,right,no,reports/phase1r/target_provenance_v2.csv,NOT_ESTABLISHED,NOT_ESTABLISHED,NOT_ESTABLISHED,NOT_VERIFIED,CANDIDATE_PENDING_NEW_AUDIT,"Candidate ontology, not a validated benchmark. TotalSegmentator v2 mask"
109,rib_right_12,Skeletal,right,no,reports/phase1r/target_provenance_v2.csv,NOT_ESTABLISHED,NOT_ESTABLISHED,NOT_ESTABLISHED,NOT_VERIFIED,CANDIDATE_PENDING_NEW_AUDIT,"Candidate ontology, not a validated benchmark. TotalSegmentator v2 mask"
110,sternum,Thoracic,none,no,reports/phase1r/target_provenance_v2.csv,NOT_ESTABLISHED,NOT_ESTABLISHED,NOT_ESTABLISHED,NOT_VERIFIED,CANDIDATE_PENDING_NEW_AUDIT,"Candidate ontology, not a validated benchmark. TotalSegmentator v2 mask"
111,costal_cartilages,Thoracic,none,no,reports/phase1r/target_provenance_v2.csv,NOT_ESTABLISHED,NOT_ESTABLISHED,NOT_ESTABLISHED,NOT_VERIFIED,CANDIDATE_PENDING_NEW_AUDIT,"Candidate ontology, not a validated benchmark. TotalSegmentator v2 mask"
112,atrial_appendage_left,Thoracic,left,no,reports/phase1r/target_provenance_v2.csv,NOT_ESTABLISHED,NOT_ESTABLISHED,NOT_ESTABLISHED,NOT_VERIFIED,CANDIDATE_PENDING_NEW_AUDIT,"Candidate ontology, not a validated benchmark. TotalSegmentator v2 mask"
113,subclavian_vein_right,Thoracic,right,no,reports/phase1r/target_provenance_v2.csv,NOT_ESTABLISHED,NOT_ESTABLISHED,NOT_ESTABLISHED,NOT_VERIFIED,CANDIDATE_PENDING_NEW_AUDIT,"Candidate ontology, not a validated benchmark. TotalSegmentator v2 mask"
114,subclavian_vein_left,Thoracic,left,no,reports/phase1r/target_provenance_v2.csv,NOT_ESTABLISHED,NOT_ESTABLISHED,NOT_ESTABLISHED,NOT_VERIFIED,CANDIDATE_PENDING_NEW_AUDIT,"Candidate ontology, not a validated benchmark. TotalSegmentator v2 mask"
115,brachiocephalic_vein_right,Thoracic,right,no,reports/phase1r/target_provenance_v2.csv,NOT_ESTABLISHED,NOT_ESTABLISHED,NOT_ESTABLISHED,NOT_VERIFIED,CANDIDATE_PENDING_NEW_AUDIT,"Candidate ontology, not a validated benchmark. TotalSegmentator v2 mask"
116,brachiocephalic_vein_left,Thoracic,left,no,reports/phase1r/target_provenance_v2.csv,NOT_ESTABLISHED,NOT_ESTABLISHED,NOT_ESTABLISHED,NOT_VERIFIED,CANDIDATE_PENDING_NEW_AUDIT,"Candidate ontology, not a validated benchmark. TotalSegmentator v2 mask"
117,uterus,Pelvic,none,female,reports/phase1r/target_provenance_v2.csv,NOT_ESTABLISHED,NOT_ESTABLISHED,NOT_ESTABLISHED,NOT_VERIFIED,BLOCKED_SYNTHETIC_LEGACY_LABEL,"Candidate ontology, not a validated benchmark. Procedural ellipsoidal fallback; excluded from primary clinical benchmark"
118,ovary_left,Pelvic,left,female,reports/phase1r/target_provenance_v2.csv,NOT_ESTABLISHED,NOT_ESTABLISHED,NOT_ESTABLISHED,NOT_VERIFIED,BLOCKED_SYNTHETIC_LEGACY_LABEL,"Candidate ontology, not a validated benchmark. Procedural ellipsoidal fallback; excluded from primary clinical benchmark"
119,ovary_right,Pelvic,right,female,reports/phase1r/target_provenance_v2.csv,NOT_ESTABLISHED,NOT_ESTABLISHED,NOT_ESTABLISHED,NOT_VERIFIED,BLOCKED_SYNTHETIC_LEGACY_LABEL,"Candidate ontology, not a validated benchmark. Procedural ellipsoidal fallback; excluded from primary clinical benchmark"
120,vagina,Pelvic,none,female,reports/phase1r/target_provenance_v2.csv,NOT_ESTABLISHED,NOT_ESTABLISHED,NOT_ESTABLISHED,NOT_VERIFIED,BLOCKED_SYNTHETIC_LEGACY_LABEL,"Candidate ontology, not a validated benchmark. Procedural ellipsoidal fallback; excluded from primary clinical benchmark"
